Van,An,Binh,Chi,Dung,Em,Phong
0,10000.00,10000.00,10000.00,10000.00,10000.00,10000.00
100,9918.95,10100.00,9860.00,9950.00,10040.00,10131.05
200,9898.95,9840.00,9870.00,10020.00,10140.00,10231.05
300,9908.95,9940.00,9970.00,10090.00,9910.00,10181.05
400,9678.95,9890.00,10040.00,10130.00,10040.00,10221.05
500,9808.95,9960.00,9930.00,10350.00,9810.00,10141.05
600,9908.95,9985.00,9925.00,10270.00,9820.00,10091.05
700,10008.95,9875.00,9755.00,10295.00,10025.00,10041.05
800,10018.95,9615.00,9735.00,10185.00,10245.00,10201.05
900,10118.95,9745.00,9775.00,10135.00,10105.00,10121.05
1000,10008.95,9725.00,9905.00,10295.00,9935.00,10131.05
1100,10018.95,9825.00,9750.00,10380.00,9945.00,10081.05
1200,10043.95,9655.00,9880.00,10480.00,9895.00,10046.05
1300,9978.95,9545.00,9710.00,10580.00,9920.00,10266.05
1400,10078.95,9465.00,9810.00,10740.00,9660.00,10246.05
1500,9996.00,9477.95,9940.00,10840.00,9580.00,10166.05
1600,10036.00,9427.95,9950.00,11000.00,9410.00,10176.05
1700,9806.00,9527.95,10065.00,11010.00,9480.00,10111.05
1800,9756.00,9687.95,10045.00,10930.00,9370.00,10211.05
1900,9676.00,9757.95,9965.00,11000.00,9170.00,10431.05
2000,9626.00,9887.95,10125.00,10980.00,9060.00,10321.05
2100,9756.00,9807.95,10015.00,10960.00,9100.00,10361.05
2200,9946.00,9607.95,10025.00,11120.00,9020.00,10281.05
2300,9982.49,9557.95,9795.00,11130.00,9000.00,10534.57
2400,10019.92,9507.95,9867.57,11050.00,9040.00,10514.57
2500,9909.92,9697.95,9937.57,10910.00,8990.00,10554.57
2600,9919.92,9707.95,9947.57,10830.00,9090.00,10504.57
2700,9749.92,9717.95,9927.57,10840.00,9190.00,10574.57
2800,9669.92,9757.95,9847.57,10850.00,9260.00,10614.57
2900,9709.92,9707.95,9977.57,10890.00,9120.00,10594.57
3000,9749.92,9657.95,10227.57,10960.00,8920.00,10484.57
3100,9549.92,9757.95,10357.57,11210.00,8720.00,10404.57
3200,9259.92,9887.95,10277.57,11250.00,8790.00,10534.57
3300,9329.92,9897.95,10137.57,11170.00,8770.00,10694.57
3400,9549.92,9847.95,10087.57,11030.00,8720.00,10764.57
3500,9676.03,9797.95,10041.46,11130.00,8820.00,10534.57
3600,9566.03,9687.95,9931.46,11170.00,8950.00,10694.57
3700,9486.03,9487.95,9851.46,11330.00,9080.00,10764.57
3800,9316.03,9377.95,9921.46,11400.00,9150.00,10834.57
3900,9326.03,9447.95,9931.46,11230.00,9130.00,10934.57
4000,9486.03,9247.95,9911.46,11345.00,9170.00,10839.57
4100,9556.03,9167.95,10071.46,11295.00,8970.00,10939.57
4200,9589.00,9211.27,9871.46,11305.00,9043.70,10979.57
4300,9662.33,9337.95,10001.46,11285.00,8813.70,10899.57
4400,9610.52,9289.76,10131.46,11325.00,8733.70,10909.57
4500,9620.52,9359.76,10111.46,11275.00,8833.70,10799.57
4600,9690.52,9159.76,10121.46,11465.00,8903.70,10659.57
4700,9699.27,9261.00,10041.46,11535.00,8943.70,10519.57
4800,9735.00,9326.54,9871.46,11523.73,8893.70,10649.57
4900,9835.00,9246.54,9911.46,11593.73,8723.70,10689.57
5000,9932.63,9196.54,9891.46,11606.11,8703.70,10669.57
5100,10025.98,9243.19,9901.46,11676.11,8473.70,10679.57
5200,10065.98,9073.19,9941.46,11716.11,8363.70,10839.57
5300,10089.55,8813.19,9862.89,11711.11,8583.70,10939.57
5400,10219.55,8733.19,9962.89,11511.11,8623.70,10949.57
5500,10169.55,8653.19,10152.89,11431.11,8603.70,10989.57
5600,10059.55,8633.19,10132.89,11651.11,8553.70,10969.57
5700,9889.55,8433.19,10247.89,11631.11,8608.70,11189.57
5800,9989.55,8533.19,10347.89,11491.11,8438.70,11199.57
5900,10325.46,8438.19,10297.89,11441.11,8362.78,11134.57
6000,10575.46,8358.19,10367.89,11511.11,8192.78,10994.57
6100,10405.46,8278.19,10437.89,11551.11,8232.78,11094.57
6200,10505.46,8153.19,10267.89,11771.11,8167.78,11134.57
6300,10545.46,8268.19,10307.89,11751.11,8102.78,11024.57
6400,10615.46,8008.19,10257.89,11881.11,8172.78,11064.57
6500,10826.93,8082.46,10302.16,11921.11,8092.78,10774.57
6600,10746.93,8242.46,10192.16,12171.11,7982.78,10664.57
6700,10726.44,8492.46,9992.16,12241.11,7872.78,10675.05
6800,10676.44,8472.46,9912.16,12431.11,7852.78,10655.05
6900,10806.44,8392.46,9862.16,12411.11,7892.78,10635.05
7000,10814.06,8312.46,9932.16,12483.48,7782.78,10675.05
7100,10553.01,8292.46,9972.16,12524.54,7942.78,10715.05
7200,10623.01,8212.46,10072.16,12444.54,8072.78,10575.05
7300,10751.39,8072.46,10053.78,12334.54,8142.78,10645.05
7400,10821.39,8142.46,10093.78,12314.54,8152.78,10475.05
7500,11011.39,7972.46,9983.78,12384.54,8372.78,10275.05
7600,11079.01,7802.46,10053.78,12456.92,8292.78,10315.05
7700,10939.01,7782.46,10123.78,12526.92,8377.78,10250.05
7800,10829.01,7762.46,10013.78,12356.92,8537.78,10500.05
7900,10779.01,7892.46,9873.78,12351.92,8487.78,10615.05
8000,10879.01,7722.46,9883.78,12331.92,8527.78,10655.05
8100,11009.01,7762.46,10013.78,12251.92,8327.78,10635.05
8200,11259.01,7802.46,9843.78,12171.92,8127.78,10795.05
8300,11149.01,7752.46,10033.78,12181.92,8197.78,10685.05
8400,11189.01,7672.46,10013.78,12311.92,8177.78,10635.05
8500,11139.01,7562.46,10143.78,12201.92,8247.78,10705.05
8600,11208.33,7482.46,10243.78,12121.92,8107.78,10835.73
8700,11278.33,7282.46,10313.78,12281.92,8207.78,10635.73
8800,11374.06,7146.73,10353.78,12111.92,8157.78,10855.73
8900,11412.82,6976.73,10333.78,12061.92,8289.03,10925.73
9000,11302.82,7046.73,10163.78,12101.92,8149.03,11235.73
9100,11342.82,6966.73,10083.78,11991.92,8159.03,11455.73
9200,11382.82,7096.73,10003.78,11791.92,8259.03,11465.73
9300,11332.82,7226.73,9923.78,11711.92,8239.03,11565.73
9400,11492.82,7056.73,9903.78,11631.92,8249.03,11665.73
9500,11442.82,6916.73,9913.78,11821.92,8289.03,11615.73
9600,11272.82,7016.73,9893.78,11981.92,8329.03,11505.73
9700,11462.82,6966.73,9903.78,12021.92,8129.03,11515.73
9800,11442.52,6991.73,9913.78,12031.92,8244.03,11376.03
9900,11631.85,7031.73,9893.78,12011.92,8104.70,11326.03
10000,11851.85,7071.73,9933.78,11751.92,8189.70,11201.03
10100,11859.47,7081.73,9913.78,11821.92,8262.08,11061.03
10200,11659.47,7181.73,9773.78,12041.92,8212.08,11131.03
10300,11519.47,7131.73,9813.78,12171.92,8342.08,11021.03
10400,11647.47,7141.73,9793.78,12061.92,8474.08,10881.03
10500,11649.50,7121.73,9792.30,11986.38,8439.08,11011.03
10600,11629.50,7131.73,9862.30,11996.38,8419.08,10961.03
10700,11701.12,7080.11,9842.30,11916.38,8549.08,10911.03
10800,11766.85,7124.38,9942.30,11896.38,8529.08,10741.03
10900,11740.20,7220.67,9922.30,11939.70,8479.08,10698.05
11000,11702.53,7170.97,10007.30,11832.08,8459.08,10828.05
11100,11742.23,7120.97,9957.59,11842.08,8469.08,10868.05
11200,11932.23,6950.97,9997.59,11852.08,8479.08,10788.05
11300,11882.23,6780.97,10067.59,11892.08,8369.08,11008.05
11400,11922.12,6730.97,10107.59,12022.08,8169.08,11048.16
11500,11692.12,6830.97,10087.59,12002.08,8149.08,11238.16
11600,11702.12,6930.97,10037.59,11952.08,8189.08,11188.16
11700,11562.12,6940.97,10137.59,11902.08,8349.08,11108.16
11800,11692.01,6860.97,10087.59,12032.08,8299.08,11028.27
11900,11672.01,6900.97,10007.59,12192.08,8429.08,10798.27
12000,11862.01,7060.97,9837.59,12172.08,8289.08,10778.27
12100,11837.55,7070.97,9757.59,12092.08,8419.08,10822.73
12200,11755.18,7080.97,9887.59,11952.08,8579.08,10745.10
12300,11705.18,7030.97,9837.59,11992.08,8679.08,10755.10
12400,11625.18,7040.97,9877.59,11822.08,8629.08,11005.10
12500,11635.18,7080.97,9827.59,11892.08,8579.08,10985.10
12600,11405.18,7150.97,9807.59,11932.08,8619.08,11085.10
12700,11445.18,7400.97,9757.59,11732.08,8719.08,10945.10
12800,11395.18,7260.97,9812.59,11802.08,8699.08,11030.10
12900,11285.18,7360.97,9762.59,11842.08,8499.08,11250.10
13000,11295.18,7220.97,9712.59,11792.08,8539.08,11440.10
13100,11389.10,7352.78,9632.59,11806.35,8339.08,11480.10
13200,11189.10,7542.78,9582.59,11846.35,8379.08,11460.10
13300,11289.10,7582.78,9562.59,11796.35,8359.08,11410.10
13400,11269.10,7562.78,9482.59,11746.35,8609.08,11330.10
13500,11189.10,7602.78,9492.59,11726.35,8619.08,11370.10
13600,11019.10,7522.78,9712.59,11766.35,8659.08,11320.10
13700,11058.42,7442.78,9543.27,11776.35,8759.08,11420.10
13800,10978.42,7572.78,9463.27,11816.35,8859.08,11310.10
13900,10718.42,7492.78,9443.27,12036.35,9019.08,11290.10
14000,10878.42,7592.78,9513.27,12076.35,8909.08,11030.10
14100,10825.66,7302.78,9523.27,12116.35,8769.08,11462.86
14200,10925.66,7192.78,9473.27,12066.35,8779.08,11562.86
14300,10993.85,7292.78,9485.08,12016.35,8759.08,11452.86
14400,11085.02,7212.78,9465.08,12031.29,8949.08,11256.75
14500,11121.13,7282.78,9385.08,11955.18,9019.08,11236.75
14600,11071.13,7232.78,9305.08,12025.18,9119.08,11246.75
14700,11291.13,7152.78,9405.08,12005.18,9099.08,11046.75
14800,11178.37,7252.78,9415.08,12075.18,9139.08,10939.51
14900,11335.61,7235.54,9335.08,11995.18,9209.08,10889.51
15000,11375.61,7095.54,9435.08,12155.18,9159.08,10779.51
15100,11232.86,7225.54,9565.08,12075.18,9079.08,10822.27
15200,11212.86,7265.54,9350.08,12040.18,9239.08,10892.27
15300,10226.99,7185.54,9000.08,11990.18,10394.08,11203.13
15400,10296.99,7135.54,8980.08,12000.18,10404.08,11183.13
15500,10362.91,7145.54,9080.08,11804.26,10504.08,11103.13
15600,10522.91,7215.54,9090.08,11814.26,10334.08,11023.13
15700,10652.91,7165.54,9040.08,11869.26,10254.08,11018.13
15800,10571.29,7205.54,9021.70,11849.26,10204.08,11148.13
15900,10521.29,7245.54,9091.70,11799.26,10094.08,11248.13
16000,10561.29,7255.54,9071.70,11929.26,9894.08,11288.13
16100,10631.29,7115.54,9021.70,11789.26,9994.08,11448.13
16200,10611.29,7185.54,8926.70,11934.26,9974.08,11368.13
16300,10861.29,7015.54,9176.70,11854.26,9924.08,11168.13
16400,10869.67,6995.54,9068.32,11804.26,10054.08,11208.13
16500,10849.67,6765.54,9228.32,11964.26,10094.08,11098.13
16600,11009.67,6655.54,9298.32,11854.26,10044.08,11138.13
16700,10959.67,6530.54,9233.32,11894.26,10204.08,11178.13
16800,11057.67,6542.54,9333.32,11904.26,10064.08,11098.13
16900,11007.67,6432.54,9253.32,12034.26,10254.08,11018.13
17000,11016.80,6472.54,9233.32,12044.26,10384.94,10848.13
17100,11146.80,6362.54,9573.32,11844.26,10274.94,10798.13
17200,10976.80,6522.54,9583.32,11884.26,10224.94,10808.13
17300,10956.80,6562.54,9533.32,11774.26,10144.94,11028.13
17400,10816.80,6572.54,9663.32,11724.26,10184.94,11038.13
17500,10766.80,6732.54,9403.32,11644.26,10254.94,11198.13
17600,10686.80,6712.54,9263.32,11714.26,10324.94,11298.13
17700,10666.80,6572.54,9033.32,11994.26,10334.94,11398.13
17800,10586.80,6552.54,8863.32,12244.26,10344.94,11408.13
17900,10746.80,6592.54,8813.32,12224.26,10234.94,11388.13
18000,10784.62,6602.54,8703.32,12294.26,10127.13,11488.13
18100,10644.62,6552.54,8803.32,12184.26,10137.13,11678.13
18200,10714.62,6622.54,8693.32,12254.26,10207.13,11508.13
18300,10784.62,6692.54,8553.32,12234.26,10037.13,11698.13
18400,10843.89,6586.81,8535.70,12274.26,10021.21,11738.13
18500,10883.89,6656.81,8515.70,12104.26,9971.21,11868.13
18600,10953.89,6816.81,8495.70,11964.26,10131.21,11638.13
18700,10797.64,6973.29,8520.70,11974.56,10081.21,11652.59
18800,10777.64,6983.29,8560.70,11834.56,10121.21,11722.59
18900,10847.64,7038.29,8510.70,11844.56,10071.21,11687.59
19000,10767.64,7198.29,8490.70,11854.56,10171.21,11517.59
19100,10867.64,7418.29,8590.70,11804.56,9971.21,11347.59
19200,10937.64,7278.29,8780.70,11784.56,9756.21,11462.59
19300,10827.64,7318.29,8850.70,11809.56,9826.21,11367.59
19400,10897.64,7178.29,8920.70,11609.56,9866.21,11527.59
19500,10964.32,7308.29,9054.02,11559.56,9636.21,11477.59
19600,10914.32,7228.29,9064.02,11659.56,9616.21,11517.59
19700,10954.32,7178.29,9224.02,11609.56,9626.21,11407.59
19800,10904.32,7203.29,9204.02,11739.56,9591.21,11357.59
19900,11096.40,7359.21,9184.02,11571.56,9391.21,11397.59
20000,11016.40,7249.21,9194.02,11551.56,9701.21,11287.59
20100,10966.40,7169.21,9234.02,11531.56,9621.21,11477.59
20200,11004.97,7119.21,9185.45,11451.56,9661.21,11577.59
20300,11104.97,7099.21,9075.45,11431.56,9581.21,11707.59
20400,11004.46,7139.21,9160.45,11351.56,9683.02,11661.29
20500,10909.46,7269.21,9020.45,11421.56,9873.02,11506.29
20600,10889.46,7279.21,9240.45,11431.56,9703.02,11456.29
20700,10959.46,7469.21,9160.45,11261.56,9713.02,11436.29
20800,11116.32,7539.21,9050.45,11184.70,9663.02,11446.29
20900,11064.13,7549.21,9060.45,11164.70,9705.21,11456.29
21000,11134.13,7559.21,8950.45,11204.70,9655.21,11496.29
21100,11174.13,7539.21,8750.45,11124.70,9785.21,11626.29
21200,11199.13,7579.21,8670.45,11029.70,9795.21,11726.29
21300,11179.13,7559.21,8740.45,11039.70,9895.21,11586.29
21400,11102.27,7671.08,8750.45,11034.70,9965.21,11476.29
21500,10992.27,7651.08,8970.45,11104.70,9855.21,11426.29
21600,10942.27,7541.08,8950.45,11144.70,10015.21,11406.29
21700,10892.27,7641.08,8990.45,11094.70,9875.21,11506.29
21800,10692.27,7621.08,9000.45,11134.70,9855.21,11696.29
21900,10852.27,7631.08,8860.45,11054.70,9985.21,11616.29
22000,10622.27,7731.08,8780.45,11244.70,10115.21,11506.29
22100,10662.27,7981.08,9000.45,11044.70,9885.21,11426.29
22200,10462.27,8081.08,9340.45,10934.70,9925.21,11256.29
22300,10382.27,8181.08,9350.45,10974.70,9875.21,11236.29
22400,10482.27,8161.08,9360.45,10924.70,9825.21,11246.29
22500,10609.51,7991.08,9313.21,11144.70,9745.21,11196.29
22600,10679.51,7791.08,9443.21,11004.70,9995.21,11086.29
22700,10747.13,7923.46,9393.21,10894.70,9975.21,11066.29
22800,10637.13,8023.46,9493.21,10694.70,10105.21,11046.29
22900,10707.13,8213.46,9248.21,10734.70,9845.21,11251.29
23000,10597.13,8163.46,9348.21,10714.70,9945.21,11231.29
23100,10487.13,8353.46,9298.21,10574.70,10075.21,11211.29
23200,10317.13,8213.46,9128.21,10734.70,10235.21,11371.29
23300,10177.13,8373.46,9018.21,10684.70,10425.21,11321.29
23400,10367.13,8383.46,8998.21,10574.70,10465.21,11211.29
23500,10497.13,8213.46,9068.21,10524.70,10625.21,11071.29
23600,10601.49,8159.10,9018.21,10474.70,10635.21,11111.29
23700,10521.38,8019.10,8998.21,10544.70,10765.21,11151.40
23800,10711.38,7789.10,9068.21,10614.70,10835.21,10981.40
23900,10781.38,7679.10,9258.21,10474.70,10845.21,10961.40
24000,10761.38,7629.10,9298.21,10394.70,10855.21,11061.40
24100,10771.38,7639.10,9398.21,10434.70,10715.21,11041.40
24200,10781.38,7649.10,9288.21,10354.70,10755.21,11171.40
24300,10641.38,7809.10,9298.21,10334.70,10735.21,11181.40
24400,10711.38,7819.10,9308.21,10134.70,10745.21,11281.40
24500,10691.38,8009.10,9198.21,9844.70,10815.21,11441.40
24600,10611.38,7989.10,9268.21,9794.70,10915.21,11421.40
24700,10531.38,8089.10,9398.21,9654.70,10955.21,11371.40
24800,10661.38,7919.10,9348.21,9664.70,11085.21,11321.40
24900,10731.38,8169.10,9328.21,9644.70,11005.21,11121.40
25000,10591.38,8419.10,9428.21,9684.70,10835.21,11041.40
25100,10721.38,8369.10,9378.21,9709.70,10860.21,10961.40
25200,10641.38,8409.10,9268.21,9719.70,10900.21,11061.40
25300,10709.19,8539.10,9218.21,9701.89,10730.21,11101.40
25400,10749.19,8414.10,9108.21,9696.89,10770.21,11261.40
25500,10879.19,8424.10,8908.21,9736.89,10780.21,11271.40
25600,10856.14,8434.10,8860.21,9596.89,10940.21,11312.45
25700,10926.14,8234.10,8960.21,9756.89,10980.21,11142.45
25800,10936.14,8184.10,9090.21,9766.89,10990.21,11032.45
25900,10827.76,8312.48,9430.21,9596.89,10910.21,10922.45
26000,10687.76,8292.48,9380.21,9756.89,10980.21,10902.45
26100,10697.76,8302.48,9270.21,9916.89,10990.21,10822.45
26200,10647.76,8192.48,9280.21,9866.89,11060.21,10952.45
26300,10477.76,8412.48,9170.21,9786.89,10950.21,11202.45
26400,10397.76,8422.48,9240.21,9856.89,11080.21,11002.45
26500,10317.76,8462.48,9250.21,9806.89,11210.21,10952.45
26600,10327.76,8472.48,9410.21,9786.89,11040.21,10962.45
26700,10352.76,8812.48,9270.21,9706.89,11005.21,10852.45
26800,10272.76,8732.48,9250.21,9956.89,10985.21,10802.45
26900,10460.01,8712.48,9050.21,10029.64,10965.21,10782.45
27000,10530.01,8722.48,8970.21,10099.64,10915.21,10762.45
27100,10630.01,8702.48,8980.21,10139.64,10745.21,10802.45
27200,10700.01,8532.48,9050.21,10089.64,10755.21,10872.45
27300,10680.01,8782.48,8820.21,9859.64,10975.21,10882.45
27400,10510.01,8642.48,9100.21,9719.64,11045.21,10982.45
27500,11017.57,8446.94,8840.21,9849.64,11003.18,10842.45
27600,11169.41,8431.21,8674.10,9679.64,11193.18,10852.45
27700,11273.30,8527.31,8534.10,9719.64,11173.18,10772.45
27800,11298.30,8732.31,8424.10,9609.64,11123.18,10812.45
27900,11428.30,9012.31,8344.10,9439.64,11103.18,10672.45
28000,11423.30,9022.31,8324.10,9464.64,11113.18,10652.45
28100,11493.30,9182.31,8244.10,9444.64,10973.18,10662.45
28200,11500.93,9072.31,8406.48,9454.64,10923.18,10642.45
28300,11450.93,9187.31,8341.48,9494.64,10963.18,10562.45
28400,11340.93,9257.31,8231.48,9534.64,11093.18,10542.45
28500,11440.93,9387.31,8241.48,9454.64,11043.18,10432.45
28600,11330.93,9427.31,8281.48,9704.64,10993.18,10262.45
28700,11340.93,9407.31,8201.48,9774.64,10913.18,10362.45
28800,11380.93,9387.31,8181.48,9904.64,10833.18,10312.45
28900,11390.93,9427.31,8131.48,9929.64,10828.18,10292.45
29000,11310.93,9407.31,8171.48,9999.64,10808.18,10302.45
29100,11290.93,9537.31,8151.48,9919.64,10848.18,10252.45
29200,11150.93,9727.31,8161.48,9959.64,10738.18,10262.45
29300,11280.93,9557.31,8141.48,10089.64,10718.18,10212.45
29400,11170.93,9597.31,8091.48,10219.64,10728.18,10192.45
29500,11210.93,9667.31,8146.48,10169.64,10618.18,10187.45
29600,11160.93,9617.31,8036.48,10179.64,10598.18,10407.45
29700,11110.93,9447.31,8016.48,10219.64,10698.18,10507.45
29800,11210.93,9187.31,7996.48,10289.64,10708.18,10607.45
29900,11370.93,9137.31,7826.48,10419.64,10628.18,10617.45
30000,11440.93,9147.31,7746.48,10189.64,10698.18,10777.45
30100,11480.93,9037.31,7816.48,10199.64,10738.18,10727.45
30200,11518.93,9137.31,7586.48,10089.64,10628.18,11039.45
30300,11468.93,9057.31,7596.48,10279.64,10458.18,11139.45
30400,11538.93,8947.31,7546.48,10409.64,10708.18,10849.45
30500,11638.93,9047.31,7556.48,10329.64,10598.18,10829.45
30600,11556.63,9072.61,7688.48,10354.64,10548.18,10779.45
30700,11731.63,8992.61,7668.48,10334.64,10528.18,10744.45
30800,11795.55,9035.18,7708.48,10348.15,10538.18,10574.45
30900,11835.55,9285.18,7508.48,10388.15,10518.18,10464.45
31000,11785.55,9175.18,7548.48,10278.15,10468.18,10744.45
31100,11855.55,9215.18,7408.48,10228.15,10478.18,10814.45
31200,11955.55,9105.18,7358.48,10238.15,10518.18,10824.45
31300,11875.44,9085.18,7428.48,10248.26,10708.18,10654.45
31400,12035.44,9215.18,7378.48,10228.26,10658.18,10484.45
31500,12069.34,9195.18,7570.67,10209.51,10699.99,10255.32
31600,12111.52,9142.99,7610.67,10279.51,10739.99,10115.32
31700,12174.88,9157.07,7650.67,10382.07,10659.99,9975.32
31800,12034.88,9107.07,7840.67,10482.07,10519.99,10015.32
31900,11984.88,9087.07,7970.67,10492.07,10649.99,9815.32
32000,11874.88,8902.07,7995.67,10682.07,10689.99,9855.32
32100,11852.69,8822.07,8185.67,10604.26,10789.99,9745.32
32200,11742.69,8712.07,8210.67,10869.26,10919.99,9545.32
32300,11902.69,8602.07,8190.67,10759.26,11139.99,9405.32
32400,11882.69,8582.07,8230.67,10739.26,10999.99,9565.32
32500,11622.69,8562.07,8270.67,10809.26,11099.99,9635.32
32600,11572.69,8842.07,8385.67,10819.26,10959.99,9420.32
32700,11580.20,8672.07,8336.91,10889.26,11211.24,9310.32
32800,11560.20,8652.07,8316.91,10779.26,11191.24,9500.32
32900,11569.83,8722.07,8297.29,10834.26,11096.24,9480.32
33000,11489.83,9032.07,8187.29,10784.26,11046.24,9460.32
33100,11649.83,8952.07,8527.29,10674.26,10786.24,9410.32
33200,11599.83,8932.07,8447.29,10504.26,10946.24,9570.32
33300,11608.96,8882.07,8277.29,10424.26,10957.10,9850.32
33400,11498.96,8892.07,8317.29,10524.26,11057.10,9710.32
33500,11463.96,8782.07,8372.29,10714.26,10977.10,9690.32
33600,11368.96,8942.07,8337.29,10634.26,10867.10,9850.32
33700,11348.96,8922.07,8317.29,10674.26,10967.10,9770.32
33800,11298.96,8902.07,8312.29,10624.26,11052.10,9810.32
33900,11338.96,8882.07,8037.29,10724.26,11062.10,9955.32
34000,11198.96,8892.07,8227.29,10434.26,11102.10,10145.32
34100,11058.96,8872.07,8267.29,10324.26,11292.10,10185.32
34200,11214.69,8837.07,8202.29,10364.26,11122.10,10259.59
34300,11162.88,9087.07,8212.29,10524.26,10833.91,10179.59
34400,11232.39,9097.07,8132.77,10414.26,10813.91,10309.59
34500,11332.39,9017.07,7992.77,10364.26,10913.91,10379.59
34600,11372.39,8817.07,8002.77,10374.26,10953.91,10479.59
34700,11592.39,8677.07,8102.77,10414.26,10753.91,10459.59
34800,11452.39,8837.07,8202.77,10394.26,10673.91,10439.59
34900,11372.39,8877.07,8242.77,10494.26,10593.91,10419.59
35000,11232.39,8707.07,8252.77,10504.26,10843.91,10459.59
35100,11092.39,8597.07,8202.77,10484.26,11153.91,10469.59
35200,10922.39,8577.07,8302.77,10524.26,11193.91,10479.59
35300,11082.39,8497.07,8372.77,10504.26,11143.91,10399.59
35400,11134.45,8447.07,8427.77,10214.26,11216.86,10559.59
35500,11039.45,8367.07,8407.77,10389.26,11076.86,10719.59
35600,10929.45,8227.07,8297.77,10669.26,11176.86,10699.59
35700,10939.45,8147.07,8217.77,10799.26,11066.86,10829.59
35800,10948.02,8157.07,8109.21,10899.26,11106.86,10779.59
35900,11078.02,8257.07,8089.21,10729.26,11056.86,10789.59
36000,11054.50,8117.07,8159.21,10799.26,11036.86,10833.10
36100,11184.50,8052.07,8199.21,10644.26,11016.86,10903.10
36200,11344.50,7972.07,8209.21,10594.26,11056.86,10823.10
36300,11294.50,8027.07,8039.21,10754.26,11051.86,10833.10
36400,11243.72,7797.07,8229.69,10584.56,11181.86,10963.10
36500,11223.72,7867.07,8149.69,10564.56,11101.86,11093.10
36600,11143.72,7877.07,8159.69,10574.56,10976.86,11268.10
36700,11063.72,7797.07,8019.69,10524.56,10986.86,11608.10
36800,10953.72,7867.07,7909.69,10504.56,11116.86,11648.10
36900,10843.72,7787.07,7799.69,10544.56,11366.86,11658.10
37000,10793.72,8157.07,7719.69,10494.56,11376.86,11458.10
37100,10863.61,8227.18,7729.69,10474.56,11206.86,11498.10
37200,10693.61,8207.18,7739.69,10604.56,11216.86,11538.10
37300,10823.61,8067.18,7719.69,10734.56,11226.86,11428.10
37400,10743.50,8047.18,7699.69,10954.67,11266.86,11288.10
37500,10783.50,8057.18,7739.69,10904.67,11306.86,11208.10
37600,10763.50,8157.18,7539.69,11004.67,11226.86,11308.10
37700,10833.40,8227.29,7489.69,10834.67,11206.86,11408.10
37800,10841.59,8087.29,7531.50,11039.67,11036.86,11463.10
37900,10806.59,8337.29,7631.50,10869.67,11121.86,11233.10
38000,11086.59,8227.29,7551.50,11029.67,11041.86,11063.10
38100,11121.64,8117.29,7576.50,11042.04,10916.86,11225.67
38200,11040.59,8217.29,7587.56,11022.04,10686.86,11445.67
38300,11050.59,8107.29,7597.56,11002.04,10666.86,11575.67
38400,11060.59,8177.29,7607.56,10922.04,10556.86,11675.67
38500,10980.59,8097.29,7527.56,11112.04,10626.86,11655.67
38600,10900.59,8227.29,7627.56,11062.04,10546.86,11635.67
38700,10910.59,8237.29,7667.56,10982.04,10586.86,11615.67
38800,10890.59,8037.29,7647.56,11142.04,10746.86,11535.67
38900,11050.59,8047.29,7627.56,10972.04,10846.86,11455.67
39000,11030.59,7997.29,7577.56,11072.04,10886.86,11435.67
39100,11070.59,8037.29,7437.56,11172.04,10956.86,11325.67
39200,11170.59,8017.29,7387.56,11152.04,10936.86,11335.67
39300,11150.59,7967.29,7517.56,11162.04,10976.86,11225.67
39400,10920.59,8067.29,7377.56,11352.04,10806.86,11475.67
39500,10990.59,8047.29,7207.56,11392.04,10666.86,11695.67
39600,10730.59,7937.29,7157.56,11462.04,10916.86,11795.67
39700,10740.59,7857.29,7197.56,11532.04,10896.86,11775.67
39800,10806.89,7687.29,7121.26,11332.04,11266.86,11785.67
39900,10696.89,7607.29,7311.26,11432.04,11216.86,11735.67
40000,10709.45,7734.72,7291.26,11352.04,11226.86,11685.67
40100,11023.91,7710.26,7211.26,11452.04,11056.86,11545.67
40200,11063.91,7750.26,7251.26,11402.04,11006.86,11525.67
40300,11103.91,7820.26,7231.26,11382.04,10986.86,11475.67
40400,11233.91,7755.26,7241.26,11332.04,10996.86,11440.67
40500,11183.91,7885.26,7191.26,11312.04,10886.86,11540.67
40600,11257.61,7951.56,7201.26,11352.04,10806.86,11430.67
40700,11147.61,8021.56,7211.26,11272.04,10936.86,11410.67
40800,11157.61,8151.56,7221.26,11192.04,10856.86,11420.67
40900,11167.61,8161.56,7291.26,10992.04,10986.86,11400.67
41000,11207.61,8171.56,7181.26,11182.04,10936.86,11320.67
41100,11247.61,7911.56,7311.26,11162.04,10976.86,11390.67
41200,11167.61,7831.56,7351.26,11262.04,10956.86,11430.67
41300,11147.61,7931.56,7181.26,11302.04,10996.86,11440.67
41400,11037.61,7911.56,7011.26,11402.04,11186.86,11450.67
41500,11047.61,7921.56,7051.26,11382.04,11016.86,11580.67
41600,11145.23,8021.56,7031.26,11302.04,10966.86,11533.04
41700,11215.23,8091.56,7191.26,11222.04,10886.86,11393.04
41800,11177.10,8221.56,7381.26,11292.04,10629.99,11298.04
41900,11274.15,8111.56,7181.26,11482.04,10582.94,11368.04
42000,11374.15,8091.56,7101.26,11312.04,10712.94,11408.04
42100,11444.15,8041.56,7111.26,11202.04,10692.94,11508.04
42200,11540.07,7991.56,7151.26,11032.04,10642.94,11642.13
42300,11580.07,8061.56,7071.26,11132.04,10532.94,11622.13
42400,11560.07,8101.56,7051.26,11112.04,10572.94,11602.13
42500,11510.07,8201.56,7181.26,10927.04,10462.94,11717.13
42600,11565.07,8121.56,7251.26,10937.04,10472.94,11652.13
42700,11601.56,8255.07,7261.26,10827.04,10302.94,11752.13
42800,11713.61,8430.07,7091.26,10837.04,10285.88,11642.13
42900,11723.61,8320.07,7251.26,10877.04,10205.88,11622.13
43000,11969.16,8355.61,7201.26,10895.96,10245.88,11332.13
43100,10921.21,8395.61,7271.26,10785.96,11160.88,11465.07
43200,10720.16,8285.61,7131.26,11037.02,11170.88,11655.07
43300,10640.16,8475.61,7171.26,10927.02,11270.88,11515.07
43400,10768.54,8397.24,7091.26,10757.02,11415.88,11570.07
43500,10688.54,8287.24,7161.26,10707.02,11485.88,11670.07
43600,10785.78,8327.24,7111.26,10749.77,11675.88,11350.07
43700,10885.78,8307.24,6881.26,10879.77,11745.88,11300.07
43800,10805.78,8377.24,6771.26,10979.77,11575.88,11490.07
43900,10845.78,8357.24,6856.26,11139.77,11510.88,11290.07
44000,10735.78,8487.24,6956.26,11149.77,11550.88,11120.07
44100,10625.78,8437.24,7056.26,11069.77,11530.88,11280.07
44200,10545.78,8417.24,7096.26,11229.77,11480.88,11230.07
44300,10750.78,8397.24,6986.26,11149.77,11490.88,11225.07
44400,10610.78,8377.24,7206.26,11309.77,11470.88,11025.07
44500,10560.78,8297.24,7216.26,11499.77,11300.88,11125.07
44600,10480.78,8337.24,7106.26,11599.77,11340.88,11135.07
44700,10430.78,8257.24,7146.26,11819.77,11320.88,11025.07
44800,10530.78,8147.24,7096.26,11889.77,11180.88,11155.07
44900,10570.78,7977.24,7256.26,11689.77,11400.88,11105.07
45000,10760.78,8047.24,7236.26,11699.77,11290.88,10965.07
45100,10617.73,8119.80,7546.74,11634.77,11165.88,10915.07
45200,10507.73,8279.80,7406.74,11554.77,11325.88,10925.07
45300,10487.73,8619.80,7416.74,11534.77,11185.88,10755.07
45400,10557.73,8479.80,7306.74,11544.77,11375.88,10735.07
45500,10597.73,8339.80,7316.74,11434.77,11535.88,10775.07
45600,10487.73,8409.80,7356.74,11264.77,11815.88,10665.07
45700,10617.73,8449.80,7246.74,11334.77,11795.88,10555.07
45800,10774.21,8489.80,7136.74,11374.77,11809.40,10415.07
45900,10663.16,8289.80,7026.74,11504.77,11879.40,10636.12
46000,10673.16,8299.80,7036.74,11484.77,11799.40,10706.12
46100,10443.16,8249.80,7286.74,11524.77,11809.40,10686.12
46200,10423.16,8229.80,7446.74,11534.77,11639.40,10726.12
46300,10313.16,8209.80,7546.74,11664.77,11529.40,10736.12
46400,10323.16,8339.80,7406.74,11674.77,11539.40,10716.12
46500,10421.73,8259.80,7476.74,11564.77,11549.40,10727.56
46600,10461.73,8149.80,7396.74,11484.77,11649.40,10857.56
46700,10499.35,8039.80,7286.74,11647.15,11869.40,10657.56
46800,10569.35,8109.80,7236.74,11657.15,11789.40,10637.56
46900,10549.35,8329.80,7156.74,11667.15,11649.40,10647.56
47000,10765.46,8283.69,7316.74,11437.15,11569.40,10627.56
47100,10865.46,8413.69,7236.74,11507.15,11369.40,10607.56
47200,10965.46,8483.69,7156.74,11577.15,11409.40,10407.56
47300,10945.46,8523.69,7136.74,11617.15,11299.40,10477.56
47400,10922.13,8503.69,7116.74,11570.47,11279.40,10607.56
47500,10992.13,8333.69,7306.74,11610.47,11289.40,10467.56
47600,10966.43,8373.69,7241.74,11653.99,11271.59,10492.56
47700,10916.13,8443.69,7251.74,11693.99,11221.59,10472.85
47800,10866.13,8663.69,7261.74,11703.99,11291.59,10212.85
47900,10876.13,8553.69,7271.74,11803.99,11271.59,10222.85
48000,11024.46,8511.85,7341.74,11843.99,11221.59,10056.37
48100,10794.46,8431.85,7411.74,12003.99,11141.59,10216.37
48200,10774.46,8351.85,7391.74,11953.99,11151.59,10376.37
48300,10904.46,8481.85,7131.74,11963.99,11281.59,10236.37
48400,11060.38,8371.85,7051.74,11793.99,11351.59,10370.45
48500,11037.06,8351.85,7125.07,11713.99,11331.59,10440.45
48600,11047.06,8421.85,7375.07,11573.99,11371.59,10210.45
48700,11056.95,8311.85,7295.07,11643.99,11501.59,10190.56
48800,11096.95,8351.85,7275.07,11563.99,11511.59,10200.56
48900,11046.95,8361.85,7285.07,11603.99,11401.59,10300.56
49000,11235.52,8221.85,7025.07,11613.99,11623.02,10280.56
49100,11035.52,8441.85,7035.07,11713.99,11663.02,10110.56
49200,10835.52,8331.85,7105.07,11873.99,11823.02,10030.56
49300,10725.52,8221.85,7205.07,11913.99,11743.02,10190.56
49400,10615.52,8261.85,7275.07,11803.99,11873.02,10170.56
49500,10475.52,8361.85,7165.07,11933.99,11913.02,10150.56
49600,10425.52,8311.85,7265.07,11913.99,11923.02,10160.56
49700,10435.52,8291.85,7335.07,11983.99,11903.02,10050.56
49800,10505.52,8271.85,7525.07,11933.99,11883.02,9880.56
49900,10619.08,8236.85,7415.07,11945.42,11863.02,9920.56
50000,10869.08,8126.85,7245.07,11895.42,12053.02,9810.56
50100,10909.08,8076.85,7285.07,11815.42,12123.02,9790.56
50200,10675.65,7996.85,7205.07,12215.42,12044.45,9862.56
50300,10715.65,8126.85,7155.07,12135.42,12084.45,9782.56
50400,10545.65,7956.85,7135.07,12235.42,12424.45,9702.56
50500,9740.65,7936.85,7115.07,12155.42,12554.45,10497.56
50600,9690.65,7886.85,7155.07,12195.42,12564.45,10507.56
50700,9910.65,7986.85,7255.07,11995.42,12544.45,10307.56
50800,9825.71,7876.85,7328.96,11975.42,12674.45,10318.61
50900,9921.25,7706.85,7218.96,11929.88,12744.45,10478.61
51000,9841.25,7596.85,7318.96,11909.88,12844.45,10488.61
51100,9791.25,7726.85,7283.96,11829.88,12974.45,10393.61
51200,9561.25,7766.85,7383.96,11869.88,13014.45,10403.61
51300,9693.81,7804.29,7393.96,11759.88,13024.45,10323.61
51400,9583.81,7874.29,7313.96,11649.88,13214.45,10363.61
51500,9681.06,7857.04,7203.96,11659.88,13044.45,10553.61
51600,9541.06,7837.04,7483.96,11519.88,12994.45,10623.61
51700,9371.06,7937.04,7583.96,11649.88,12794.45,10663.61
51800,9351.06,7977.04,7563.96,11569.88,12924.45,10613.61
51900,9360.00,7837.04,7423.96,11609.88,12965.50,10803.61
52000,9340.00,7787.04,7283.96,11589.88,13245.50,10753.61
52100,9470.00,7677.04,7353.96,11449.88,13225.50,10823.61
52200,9566.30,7627.04,7363.96,11459.88,13209.21,10773.61
52300,9546.30,7547.04,7463.96,11289.88,13309.21,10843.61
52400,9604.44,7647.04,7418.04,11299.88,13203.67,10826.93
52500,9801.84,7541.50,7488.04,11219.88,13138.67,10810.07
52600,9781.84,7401.50,7528.04,11379.88,13178.67,10730.07
52700,9671.84,7381.50,7538.04,11389.88,13368.67,10650.07
52800,9471.84,7361.50,7668.04,11339.88,13288.67,10870.07
52900,9271.84,7251.50,7648.04,11589.88,13208.67,11030.07
53000,9071.84,7441.50,7658.04,11509.88,13278.67,11040.07
53100,9171.84,7391.50,7548.04,11669.88,13288.67,10930.07
53200,9271.84,7461.50,7468.04,11649.88,13388.67,10760.07
53300,9161.74,7531.61,7598.04,11749.88,13218.67,10740.07
53400,9140.49,7572.85,7578.04,11789.88,13108.67,10810.07
53500,9090.39,7582.85,7558.04,11739.88,13028.67,11000.18
53600,9127.90,7472.85,7598.04,11901.12,13038.67,10861.42
53700,9017.90,7482.85,7578.04,11971.12,12958.67,10991.42
53800,9057.90,7522.85,7678.04,11951.12,12938.67,10851.42
53900,9007.90,7502.85,7448.04,12021.12,13158.67,10861.42
54000,8987.90,7512.85,7548.04,12091.12,13048.67,10811.42
54100,8967.90,7522.85,7378.04,12281.12,13028.67,10821.42
54200,8947.90,7532.85,7418.04,12081.12,13158.67,10861.42
54300,9167.90,7392.85,7308.04,12001.12,13288.67,10841.42
54400,9252.90,7342.85,7258.04,11831.12,13433.67,10881.42
54500,9271.25,7685.80,7001.74,11781.12,13533.67,10726.42
54600,9219.82,7487.23,7101.74,11761.12,13573.67,10856.42
54700,9139.82,7407.23,7051.74,11831.12,13553.67,11016.42
54800,9029.82,7357.23,6971.74,11991.12,13593.67,11056.42
54900,9009.82,7427.23,6861.74,11821.12,13753.67,11126.42
55000,9019.82,7497.23,6631.74,11951.12,13673.67,11226.42
55100,9059.82,7537.23,6581.74,11961.12,13773.67,11086.42
55200,9189.82,7607.23,6591.74,11761.12,13723.67,11126.42
55300,9049.82,7692.23,6796.74,11591.12,13733.67,11136.42
55400,9059.82,7702.23,6686.74,11361.12,14043.67,11146.42
55500,9189.82,7712.23,6636.74,11371.12,14083.67,11006.42
55600,9079.82,7722.23,6706.74,11261.12,14153.67,11076.42
55700,9104.82,7582.23,6776.74,11181.12,14148.67,11206.42
55800,9114.82,7622.23,6816.74,10951.12,14218.67,11276.42
55900,9093.39,7723.66,6916.74,10841.12,14318.67,11106.42
56000,9163.39,7673.66,6866.74,10941.12,14238.67,11116.42
56100,9441.12,7625.93,6816.74,10921.12,14128.67,11066.42
56200,9361.12,7635.93,7006.74,10841.12,13988.67,11166.42
56300,9461.12,7675.93,6866.74,10761.12,13878.67,11356.42
56400,9565.39,7951.66,6756.74,10651.12,13888.67,11186.42
56500,9630.93,7901.66,6771.20,10781.12,13928.67,10986.42
56600,9520.93,7941.66,6661.20,10851.12,13848.67,11176.42
56700,9587.31,7951.66,6701.20,10834.74,13798.67,11126.42
56800,9624.82,7931.66,6862.63,10724.74,13688.67,11167.47
56900,9634.82,7971.66,6782.63,10614.74,13728.67,11267.47
57000,9646.06,7920.42,6852.63,10564.74,13678.67,11337.47
57100,9596.06,7990.42,6772.63,10544.74,13838.67,11257.47
57200,9426.06,8060.42,7082.63,10434.74,13758.67,11237.47
57300,9406.06,8100.42,7122.63,10384.74,13738.67,11247.47
57400,9356.06,8140.42,7042.63,10604.74,13628.67,11227.47
57500,9246.06,7985.42,7262.63,10464.74,13863.67,11177.47
57600,9346.06,7965.42,7302.63,10504.74,13753.67,11127.47
57700,9325.39,7855.42,7402.63,10424.74,13793.67,11198.15
57800,9365.39,8015.42,7412.63,10284.74,13623.67,11298.15
57900,9343.58,7937.23,7392.63,10204.74,13723.67,11398.15
58000,9263.58,7947.23,7432.63,10124.74,13703.67,11528.15
58100,9393.58,7957.23,7292.63,10044.74,13773.67,11538.15
58200,9250.63,8087.23,7302.63,9934.74,13906.61,11518.15
58300,9260.53,8157.23,7372.63,9974.74,13796.72,11438.15
58400,9255.53,8287.23,7202.63,9924.74,13686.72,11643.15
58500,9235.53,8117.23,7182.63,9814.74,13816.72,11833.15
58600,9215.53,8097.23,6892.63,10064.74,14036.72,11693.15
58700,9195.53,8017.23,6902.63,10194.74,14046.72,11643.15
58800,9235.53,8147.23,6762.63,10264.74,14086.72,11503.15
58900,9245.53,8187.23,6772.63,10349.74,14006.72,11438.15
59000,9165.53,8047.23,6662.63,10569.74,13986.72,11568.15
59100,9355.53,8237.23,6492.63,10639.74,13906.72,11368.15
59200,9422.58,8157.23,6412.63,10799.74,13916.72,11291.09
59300,9432.58,8137.23,6302.63,10809.74,14166.72,11151.09
59400,9232.47,8177.34,6582.63,10699.74,14416.72,10891.09
59500,9448.20,8187.34,6506.90,10559.74,14336.72,10961.09
59600,9518.20,8017.34,6756.90,10419.74,14316.72,10971.09
59700,9468.20,8222.34,6646.90,10444.74,14386.72,10831.09
59800,9403.20,8232.34,6536.90,10364.74,14546.72,10916.09
59900,9456.20,8002.34,6456.90,10404.74,14753.72,10926.09
60000,9821.74,7832.34,6496.90,10419.20,14583.72,10846.09
60100,9740.88,7872.34,6596.90,10309.20,14683.72,10796.96
60200,9930.88,7882.34,6696.90,10259.20,14633.72,10596.96
60300,9845.37,8042.34,6860.61,10149.20,14613.72,10488.77
60400,9825.37,8172.34,6870.61,10129.20,14653.72,10348.77
60500,10044.12,8122.34,6880.61,10109.20,14544.96,10298.77
60600,10084.12,7922.34,6800.61,10209.20,14794.96,10188.77
60700,10182.31,7844.15,6870.61,10159.20,14774.96,10168.77
60800,10042.31,7824.15,6940.61,10319.20,14874.96,9998.77
60900,9962.31,7954.15,6950.61,10449.20,14824.96,9858.77
61000,10062.31,7874.15,6840.61,10339.20,14594.96,10288.77
61100,10042.31,7974.15,6790.61,10364.20,14574.96,10253.77
61200,9827.31,7909.15,6830.61,10434.20,14674.96,10323.77
61300,9777.31,7919.15,6960.61,10324.20,14654.96,10363.77
61400,9907.31,7959.15,6910.61,10214.20,14694.96,10313.77
61500,9916.64,7879.15,6920.61,10104.20,14645.64,10533.77
61600,10136.64,7949.15,6840.61,9994.20,14505.64,10573.77
61700,10169.61,7959.15,7004.88,9974.20,14425.64,10466.52
61800,10029.61,7909.15,6984.88,10044.20,14615.64,10416.52
61900,10039.61,7799.15,6964.88,9934.20,14775.64,10486.52
62000,10019.61,7869.15,6989.88,10064.20,14635.64,10421.52
62100,10119.61,7699.15,6939.88,10074.20,14645.64,10521.52
62200,10129.61,7589.15,6769.88,10114.20,14805.64,10591.52
62300,9929.61,7509.15,6839.88,10124.20,15055.64,10541.52
62400,9939.61,7474.15,6999.88,10089.20,14975.64,10521.52
62500,10260.34,7289.15,7009.88,9829.20,15045.64,10565.79
62600,10120.34,7359.15,6989.88,9899.20,15085.64,10545.79
62700,10040.23,7279.15,7149.88,10089.31,15005.64,10435.79
62800,10020.23,7379.15,7099.88,10129.31,15015.64,10355.79
62900,9970.23,7539.15,6959.88,10184.31,15100.64,10245.79
63000,9890.23,7699.15,6969.88,10194.31,15080.64,10165.79
63100,9900.23,7769.15,6919.88,10084.31,14850.64,10475.79
63200,9910.23,7719.15,6869.88,10064.31,14920.64,10515.79
63300,9890.23,7609.15,6879.88,10344.31,14870.64,10405.79
63400,9840.23,7589.15,6739.88,10474.31,14790.64,10565.79
63500,9940.23,7359.15,6779.88,10364.31,14920.64,10635.79
63600,9890.23,7339.15,6759.88,10224.31,14900.64,10885.79
63700,10020.23,7409.15,6679.88,10084.31,14910.64,10895.79
63800,10058.42,7479.15,6809.88,10126.12,14740.64,10785.79
63900,10094.34,7549.15,6819.88,10016.12,14780.64,10739.88
64000,10134.34,7589.15,6739.88,9966.12,14850.64,10719.88
64100,10204.34,7509.15,6779.88,9826.12,14800.64,10879.88
64200,9944.34,7699.15,6549.88,9956.12,14870.64,10979.88
64300,9954.34,7469.15,6589.88,9936.12,14940.64,11109.88
64400,9844.34,7419.15,6599.88,9916.12,14950.64,11269.88
64500,9734.34,7489.15,6729.88,9656.12,14990.64,11399.88
64600,9713.10,7593.72,6751.55,9561.12,14910.64,11469.88
64700,9873.10,7663.72,6671.55,9421.12,14890.64,11479.88
64800,9793.10,7463.72,6651.55,9521.12,14990.64,11579.88
64900,9803.10,7353.72,6811.55,9471.12,14970.64,11589.88
65000,9930.42,7483.72,6791.55,9362.55,14980.64,11451.12
65100,9998.80,7463.72,6711.55,9372.55,15080.64,11372.74
65200,9828.80,7443.72,7051.55,9502.55,14910.64,11262.74
65300,9688.80,7363.72,7121.55,9662.55,14830.64,11332.74
65400,9548.80,7283.72,7011.55,9762.55,14900.64,11492.74
65500,9648.51,7173.72,6841.55,9742.55,15150.64,11443.04
65600,9654.05,7063.72,6941.55,9817.01,15010.64,11513.04
65700,9574.05,7103.72,6861.55,9917.01,15140.64,11403.04
65800,9494.05,7023.72,6781.55,10047.01,15180.64,11473.04
65900,9324.05,7093.72,6761.55,10177.01,15100.64,11543.04
66000,9259.05,7118.72,6771.55,10127.01,15050.64,11673.04
66100,9299.05,7338.72,6781.55,9927.01,15090.64,11563.04
66200,9307.05,7123.72,7153.55,9772.01,15100.64,11543.04
66300,9342.97,7043.72,6923.55,9876.09,15170.64,11643.04
66400,9378.70,6903.72,6993.55,9856.09,15330.64,11537.31
66500,9443.56,6793.72,7155.93,9716.09,15313.39,11577.31
66600,9543.56,6878.72,7105.93,9696.09,15188.39,11587.31
66700,9522.40,7008.72,7356.61,9496.09,15198.39,11417.79
66800,9682.40,6868.72,7516.61,9326.09,15148.39,11457.79
66900,9540.97,6848.72,7586.61,9397.52,15128.39,11497.79
67000,9475.97,7008.72,7536.61,9197.52,15213.39,11567.79
67100,9275.97,7153.72,7456.61,9387.52,15148.39,11577.79
67200,9285.97,7103.72,7556.61,9307.52,15188.39,11557.79
67300,9085.97,7263.72,7476.61,9347.52,15228.39,11597.79
67400,9035.97,7453.72,7426.61,9087.52,15418.39,11577.79
67500,9105.97,7343.72,7346.61,9187.52,15398.39,11617.79
67600,9025.97,7323.72,7476.61,9017.52,15588.39,11567.79
67700,9155.97,7303.72,7426.61,9177.52,15358.39,11577.79
67800,9285.97,7103.72,7556.61,9277.52,15218.39,11557.79
67900,9355.97,7023.72,7626.61,9107.52,15318.39,11567.79
68000,9455.97,7483.72,7531.61,8967.52,15088.39,11472.79
68100,9555.97,7493.72,7361.61,8887.52,15038.39,11662.79
68200,9625.97,7323.72,7431.61,8777.52,15078.39,11762.79
68300,9605.97,7123.72,7381.61,8877.52,15088.39,11922.79
68400,9585.97,7043.72,7481.61,9067.52,15098.39,11722.79
68500,9805.97,7083.72,7356.61,9107.52,14853.39,11792.79
68600,9904.16,7095.53,7351.61,9027.52,14743.39,11877.79
68700,10079.16,7030.53,7301.61,9202.52,14648.39,11737.79
68800,10224.16,6950.53,7251.61,9167.52,14568.39,11837.79
68900,10024.16,6735.53,7261.61,9597.52,14443.39,11937.79
69000,9854.16,6775.53,7271.61,9667.52,14453.39,11977.79
69100,9894.16,6695.53,7521.61,9497.52,14313.39,12077.79
69200,9754.16,6765.53,7411.61,9327.52,14383.39,12357.79
69300,9794.16,6655.53,7331.61,9157.52,14573.39,12487.79
69400,9714.16,6860.53,7116.61,8987.52,14853.39,12467.79
69500,9784.16,6660.53,7036.61,9027.52,14803.39,12687.79
69600,10004.16,6700.53,6986.61,8947.52,14753.39,12607.79
69700,10191.59,6560.53,7056.61,8987.52,14585.96,12617.79
69800,10166.27,6600.53,7190.31,8877.52,14685.96,12479.41
69900,10086.16,6640.53,7215.31,8947.52,14725.96,12384.52
70000,10006.16,6800.53,7075.31,8927.52,14765.96,12424.52
70100,10016.16,6720.53,6995.31,9147.52,14955.96,12164.52
70200,9906.16,6820.53,6915.31,9247.52,14905.96,12204.52
70300,9856.16,6890.53,6835.31,9287.52,15005.96,12124.52
70400,10103.59,6720.53,6817.87,9387.52,14895.96,12074.52
70500,9873.59,6850.53,6797.87,9247.52,15025.96,12204.52
70600,9853.59,6845.53,6807.87,9197.52,15185.96,12109.52
70700,10010.27,6795.53,6847.87,9057.52,15135.96,12152.85
70800,10170.27,6685.53,6707.87,9217.52,15055.96,12162.85
70900,10251.00,6639.80,6762.87,9227.52,15020.96,12097.85
71000,10351.00,6679.80,6592.87,9057.52,15330.96,11987.85
71100,10327.30,6629.80,6482.87,9217.52,15404.66,11937.85
71200,10337.30,6729.80,6372.87,9107.52,15534.66,11917.85
71300,10167.30,6829.80,6562.87,9177.52,15304.66,11957.85
71400,10327.30,6899.80,6572.87,9007.52,15404.66,11787.85
71500,10427.30,6759.80,6627.87,9107.52,15264.66,11812.85
71600,10497.30,6739.80,6547.87,8997.52,15424.66,11792.85
71700,10657.30,6704.80,6407.87,9247.52,15419.66,11562.85
71800,10697.30,6624.80,6267.87,9317.52,15459.66,11632.85
71900,10737.30,6754.80,6127.87,9267.52,15469.66,11642.85
72000,10927.30,6644.80,6257.87,9217.52,15479.66,11472.85
72100,10847.30,6624.80,6057.87,9287.52,15609.66,11572.85
72200,10766.89,6694.80,5977.87,9357.52,15619.77,11583.14
72300,10716.89,6644.80,6047.87,9307.52,15539.77,11743.14
72400,10725.08,6624.80,6057.87,9199.33,15549.77,11843.14
72500,10615.08,6574.80,6067.87,9149.33,15709.77,11883.14
72600,10535.08,6554.80,6167.87,9099.33,15779.77,11863.14
72700,10605.08,6654.80,6207.87,9229.33,15609.77,11693.14
72800,10600.08,6544.80,6067.87,9569.33,15544.77,11673.14
72900,10610.08,6644.80,6137.87,9429.33,15524.77,11653.14
73000,10770.08,6594.80,6102.87,9484.33,15564.77,11483.14
73100,10833.24,6544.80,6127.87,9558.04,15454.77,11481.28
73200,10873.24,6554.80,6197.87,9478.04,15464.77,11431.28
73300,10976.38,6651.66,6237.87,9308.04,15324.77,11501.28
73400,11041.92,6391.66,6342.33,9318.04,15394.77,11511.28
73500,11058.08,6255.55,6307.33,9388.04,15394.72,11596.28
73600,11166.33,6240.12,6137.33,9293.04,15254.72,11908.47
73700,11086.33,6010.12,6177.33,9543.04,15174.72,12008.47
73800,11092.44,5780.12,6037.33,9556.93,15454.72,12078.47
73900,11133.87,5968.69,6047.33,9476.93,15404.72,11968.47
74000,10993.87,6038.69,6087.33,9456.93,15294.72,12128.47
74100,10943.87,6108.69,5917.33,9586.93,15304.72,12138.47
74200,10953.87,5968.69,5897.33,9656.93,15434.72,12088.47
74300,11170.35,5828.69,5847.33,9550.44,15534.72,12068.47
74400,11060.35,5958.69,5887.33,9740.44,15364.72,11988.47
74500,11010.35,5968.69,5897.33,9840.44,15314.72,11968.47
74600,10870.35,6008.69,6027.33,9910.44,15204.72,11978.47
74700,10730.35,6183.69,5887.33,9980.44,15169.72,12048.47
74800,10800.35,6073.69,6017.33,10050.44,15329.72,11728.47
74900,10897.11,6266.93,5937.33,10150.44,15159.72,11588.47
75000,10697.11,6156.93,5827.33,10340.44,15289.72,11688.47
75100,10497.11,6376.93,5717.33,10440.44,15359.72,11608.47
75200,10447.11,6386.93,5727.33,10480.44,15459.72,11498.47
75300,10337.11,6516.93,5737.33,10490.44,15379.72,11538.47
75400,10167.11,6646.93,5687.33,10290.44,15509.72,11698.47
75500,10237.11,6776.93,5427.33,10120.44,15669.72,11768.47
75600,10247.11,6636.93,5437.33,9980.44,15769.72,11928.47
75700,10252.73,6618.55,5435.09,10005.44,15719.72,11968.47
75800,10277.73,6658.55,5520.09,9835.44,15714.72,11993.47
75900,10501.82,6664.47,5470.09,9995.44,15514.72,11853.47
76000,10511.82,6554.47,5600.09,9975.44,15644.72,11713.47
76100,10491.82,6654.47,5640.09,9985.44,15564.72,11663.47
76200,10531.82,6694.47,5740.09,9995.44,15454.72,11583.47
76300,10541.82,6824.47,5630.09,10065.44,15434.72,11503.47
76400,10431.82,6654.47,5700.09,10135.44,15594.72,11483.47
76500,10381.82,6424.47,5590.09,10235.44,15784.72,11583.47
76600,10331.82,6344.47,5660.09,10065.44,16124.72,11473.47
76700,10191.82,6264.47,5460.09,10075.44,16434.72,11573.47
76800,10201.82,6304.47,5590.09,10115.44,16204.72,11583.47
76900,10061.82,6104.47,5600.09,10425.44,16304.72,11503.47
77000,9981.82,6054.47,5700.09,10465.44,16314.72,11483.47
77100,10171.71,6064.58,5560.09,10625.44,16264.72,11313.47
77200,9881.71,6224.58,5585.09,10590.44,16304.72,11413.47
77300,9981.71,6144.58,5355.09,10780.44,16254.72,11483.47
77400,9886.71,6214.58,5305.09,10685.44,16354.72,11553.47
77500,9925.84,6044.58,5285.09,10710.44,16290.58,11743.47
77600,9875.84,6084.58,5355.09,10690.44,16210.58,11783.47
77700,9975.84,5974.58,5275.09,10610.44,16400.58,11763.47
77800,9835.84,5954.58,5345.09,10680.44,16230.58,11953.47
77900,9605.84,6144.58,5415.09,10720.44,16090.58,12023.47
78000,9495.84,6154.58,5545.09,10760.44,16040.58,12003.47
78100,9626.60,6190.69,5405.09,10830.44,15960.58,11986.60
78200,9813.28,6140.69,5355.09,10840.44,15913.90,11936.60
78300,9763.28,6090.69,5365.09,11030.44,15803.90,11946.60
78400,9653.28,6070.69,5525.09,10920.44,15963.90,11866.60
78500,9813.28,6020.69,5655.09,10780.44,15793.90,11936.60
78600,9883.28,6060.69,5695.09,10820.44,15683.90,11856.60
78700,9653.28,6160.69,5855.09,10950.44,15513.90,11866.60
78800,9841.47,6260.69,5745.09,10660.44,15525.71,11966.60
78900,9818.52,6213.63,5755.09,10610.44,15775.71,11826.60
79000,9832.41,6309.74,5645.09,10680.44,15815.71,11716.60
79100,10014.25,6109.74,5595.09,10758.60,15975.71,11546.60
79200,9931.87,6239.74,5575.09,10770.98,16075.71,11406.60
79300,10118.36,6159.74,5675.09,10660.98,16179.23,11206.60
79400,10098.36,5899.74,5775.09,10730.98,16159.23,11336.60
79500,10138.36,5729.74,5785.09,10800.98,16319.23,11226.60
79600,10148.36,5739.74,5705.09,10900.98,16119.23,11386.60
79700,10278.36,5749.74,5625.09,10670.98,16189.23,11486.60
79800,10108.36,5879.74,5665.09,10470.98,16199.23,11676.60
79900,10148.36,5709.74,5765.09,10690.98,16119.23,11566.60
80000,10218.36,5689.74,5625.09,10640.98,16159.23,11666.60
80100,10288.36,5699.74,5515.09,10620.98,16229.23,11646.60
80200,10117.87,5709.74,5735.09,10570.98,16209.71,11656.60
80300,9887.87,5569.74,5835.09,10640.98,16279.71,11786.60
80400,9837.87,5759.74,5845.09,10650.98,16229.71,11676.60
80500,9787.87,5799.74,5735.09,10720.98,16149.71,11806.60
80600,9976.06,5719.74,5685.09,10670.98,16219.71,11728.41
80700,9775.95,5879.85,5875.09,10440.98,16229.71,11798.41
80800,9785.95,5799.85,5945.09,10420.98,16269.71,11778.41
80900,9795.85,5839.85,5955.09,10220.98,16369.71,11818.52
81000,9685.85,5699.85,5905.09,10230.98,16469.71,12008.52
81100,9840.71,5589.85,6038.41,10332.79,16299.71,11898.52
81200,9850.71,5659.85,6018.41,10252.79,16429.71,11788.52
81300,9828.14,5582.42,6238.41,10172.79,16409.71,11768.52
81400,9778.14,5502.42,6428.41,10182.79,16419.71,11688.52
81500,9878.14,5332.42,6378.41,10342.79,16519.71,11548.52
81600,9857.47,5492.42,6389.09,10232.79,16349.71,11678.52
81700,9897.47,5352.42,6429.09,10182.79,16539.71,11598.52
81800,9812.71,5482.42,6322.60,10252.79,16489.71,11639.76
81900,9942.71,5492.42,6362.60,10232.79,16409.71,11559.76
82000,10072.71,5322.42,6462.60,10212.79,16449.71,11479.76
82100,10052.04,5392.42,6382.60,10192.79,16459.71,11520.44
82200,9882.04,5522.42,6512.60,10022.79,16589.71,11470.44
82300,9952.04,5322.42,6522.60,10227.79,16554.71,11420.44
82400,9872.04,5482.42,6412.60,10117.79,16744.71,11370.44
82500,9732.04,5402.42,6452.60,10067.79,16994.71,11350.44
82600,9652.04,5322.42,6462.60,10197.79,16884.71,11480.44
82700,9692.04,5242.42,6322.60,10387.79,17044.71,11310.44
82800,9792.04,5132.42,6242.60,10487.79,17144.71,11200.44
82900,9652.04,5322.42,6222.60,10497.79,17214.71,11090.44
83000,9722.04,5332.42,6352.60,10387.79,17134.71,11070.44
83100,9612.04,5252.42,6332.60,10607.79,17114.71,11080.44
83200,9577.04,5172.42,6282.60,10497.79,17334.71,11135.44
83300,9570.23,5257.42,6082.60,10507.79,17466.52,11115.44
83400,9550.23,5357.42,6092.60,10352.79,17476.52,11170.44
83500,9500.23,5397.42,6252.60,10272.79,17486.52,11090.44
83600,9540.23,5557.42,6382.60,10162.79,17286.52,11070.44
83700,9700.23,5642.42,6212.60,10082.79,17161.52,11200.44
83800,9560.23,5712.42,6282.60,10092.79,17081.52,11270.44
83900,9510.23,5752.42,6322.60,10102.79,17091.52,11220.44
84000,9370.23,5612.42,6497.60,10187.79,17041.52,11290.44
84100,9395.23,5622.42,6432.60,10167.79,17081.52,11300.44
84200,9165.23,5932.42,6592.60,10027.79,17061.52,11220.44
84300,9115.23,6032.42,6632.60,9917.79,17071.52,11230.44
84400,9005.23,5982.42,6852.60,9837.79,17081.52,11240.44
84500,8955.23,5992.42,6922.60,9937.79,17061.52,11130.44
84600,8875.23,6152.42,6992.60,9767.79,17191.52,11020.44
84700,8750.23,6147.42,6972.60,10002.79,17171.52,10955.44
84800,8789.55,6157.42,6922.60,10102.79,17031.52,10996.11
84900,8886.23,6077.42,7082.60,9932.79,17014.85,11006.11
85000,9014.98,5997.42,7182.60,9944.03,16934.85,10926.11
85100,8934.98,6247.42,7342.60,9864.03,16824.85,10786.11
85200,8764.98,6167.42,7352.60,10024.03,16804.85,10886.11
85300,8714.01,6057.90,7332.60,10034.52,16964.85,10896.11
85400,8573.72,5977.90,7372.60,10134.52,17005.15,10936.11
85500,8508.72,5957.90,7562.60,10144.52,16955.15,10871.11
85600,8750.74,5971.61,7482.60,10338.79,16785.15,10671.11
85700,8639.12,5951.61,7552.60,10378.79,16826.77,10651.11
85800,8619.12,6096.61,7562.60,10313.79,16806.77,10601.11
85900,8659.12,6196.61,7422.60,10263.79,16726.77,10731.11
86000,8639.12,6146.61,7582.60,10183.79,16676.77,10771.11
86100,8619.12,6006.61,7682.60,10433.79,16596.77,10661.11
86200,8719.12,6001.61,7662.60,10353.79,16531.77,10731.11
86300,8665.04,6101.61,7631.68,10273.79,16676.77,10651.11
86400,8495.04,6141.61,7671.68,10373.79,16686.77,10631.11
86500,8295.04,6376.61,7741.68,10248.79,16666.77,10671.11
86600,8609.31,6592.34,7661.68,10078.79,16526.77,10531.11
86700,8676.37,6482.34,7671.68,10058.79,16419.71,10691.11
86800,8626.37,6402.34,7591.68,9978.79,16669.71,10731.11
86900,8576.37,6292.34,7541.68,10168.79,16739.71,10681.11
87000,8586.37,6242.34,7401.68,10118.79,16749.71,10901.11
87100,8713.80,6102.34,7534.25,10068.79,16729.71,10851.11
87200,8633.80,6082.34,7394.25,10018.79,16769.71,11101.11
87300,8613.80,6122.34,7344.25,9878.79,16689.71,11351.11
87400,8677.34,6072.34,7387.01,9768.79,16703.41,11391.11
87500,8567.34,6082.34,7577.01,9748.79,16713.41,11311.11
87600,8517.34,6152.34,7587.01,9968.79,16543.41,11231.11
87700,8617.34,6162.34,7687.01,9978.79,16343.41,11211.11
87800,8537.34,6232.34,7637.01,9988.79,16533.41,11071.11
87900,8667.34,6272.34,7617.01,9758.79,16783.41,10901.11
88000,8730.50,6312.34,7747.01,9588.79,16673.41,10947.95
88100,8855.56,6262.34,7730.33,9600.41,16653.41,10897.95
88200,9015.56,6332.34,7560.33,9580.41,16693.41,10817.95
88300,8992.91,6250.90,7750.33,9474.49,16553.41,10977.95
88400,9122.91,6260.90,7790.33,9424.49,16443.41,10957.95
88500,9252.91,6390.90,7710.33,9254.49,16363.41,11027.95
88600,9202.91,6310.90,7870.33,9384.49,16253.41,10977.95
88700,9122.91,6230.90,8075.33,9514.49,16053.41,11002.95
88800,8982.91,6300.90,8085.33,9524.49,16033.41,11072.95
88900,8962.91,6250.90,8185.33,9534.49,16133.41,10932.95
89000,8942.91,6050.90,8015.33,9604.49,16143.41,11242.95
89100,8832.91,6060.90,8295.33,9614.49,16153.41,11042.95
89200,8842.91,6070.90,8320.33,9654.49,16073.41,11037.95
89300,9031.48,5960.90,8420.33,9604.49,16053.41,10929.38
89400,9101.18,5761.20,8370.33,9704.49,15913.41,11149.38
89500,9021.18,5711.20,8350.33,9804.49,15953.41,11159.38
89600,8971.18,5721.20,8390.33,9874.49,15963.41,11079.38
89700,8976.88,5641.20,8340.33,9734.49,15973.41,11333.68
89800,8986.88,5651.20,8320.33,9834.49,15983.41,11223.68
89900,8936.88,5661.20,8480.33,9664.49,15843.41,11413.68
90000,9005.45,5881.20,8490.33,9585.92,15763.41,11273.68
90100,9015.45,5771.20,8530.33,9715.92,15623.41,11343.68
90200,9115.45,5691.20,8630.33,9605.92,15543.41,11413.68
90300,9065.45,5791.20,8670.33,9540.92,15463.41,11468.68
90400,9135.45,5651.20,8830.33,9520.92,15503.41,11358.68
90500,9085.45,5571.20,8750.33,9650.92,15453.41,11488.68
90600,9152.70,5731.20,8673.09,9750.92,15223.41,11468.68
90700,9072.70,6041.20,8653.09,9670.92,15203.41,11358.68
90800,9142.70,6021.20,8453.09,9830.92,15243.41,11308.68
90900,9032.70,5851.20,8703.09,10050.92,15283.41,11078.68
91000,9102.70,5891.20,8713.09,10000.92,15353.41,10938.68
91100,9112.70,5721.20,8723.09,10280.92,15303.41,10858.68
91200,9092.70,5731.20,8733.09,10170.92,15403.41,10868.68
91300,9132.70,5561.20,8713.09,10180.92,15383.41,11028.68
91400,9020.70,5541.20,8755.09,10370.92,15273.41,11038.68
91500,8820.70,5521.20,8735.09,10440.92,15463.41,11018.68
91600,8890.70,5291.20,8715.09,10600.92,15473.41,11028.68
91700,8810.70,5481.20,8725.09,10580.92,15393.41,11008.68
91800,8820.70,5371.20,8615.09,10620.92,15613.41,10958.68
91900,8830.70,5471.20,8550.09,10630.92,15503.41,11013.68
92000,8720.70,5511.20,8710.09,10610.92,15363.41,11083.68
92100,8790.70,5551.20,8660.09,10680.92,15313.41,11003.68
92200,8890.70,5441.20,8700.09,10600.92,15323.41,11043.68
92300,8870.70,5541.20,8590.09,10700.92,15243.41,11053.68
92400,8730.70,5611.20,8570.09,10710.92,15313.41,11063.68
92500,8620.70,5441.20,8610.09,10810.92,15293.41,11223.68
92600,8690.70,5451.20,8620.09,10640.92,15273.41,11323.68
92700,8670.70,5281.20,8705.09,10605.92,15223.41,11513.68
92800,8470.70,5291.20,8625.09,10735.92,15023.41,11853.68
92900,8510.70,5151.20,8635.09,10715.92,14973.41,12013.68
93000,8490.70,5371.20,8585.09,10815.92,14893.41,11843.68
93100,8320.70,5261.20,8715.09,10765.92,14903.41,12033.68
93200,8390.70,5361.20,8635.09,10805.92,14733.41,12073.68
93300,8190.70,5581.20,8645.09,10695.92,14773.41,12113.68
93400,8110.70,5771.20,8655.09,10705.92,14828.41,11928.68
93500,8060.70,5661.20,8800.09,10730.92,14898.41,11848.68
93600,8040.70,5671.20,8960.09,10590.92,14788.41,11948.68
93700,8260.70,5621.20,8940.09,10510.92,14738.41,11928.68
93800,8150.70,5601.20,8920.09,10760.92,14598.41,11968.68
93900,8130.70,5596.20,8975.09,10650.92,14698.41,11948.68
94000,8200.70,5471.20,9015.09,10735.92,14798.41,11778.68
94100,8268.13,5423.77,8815.09,10715.92,14958.41,11818.68
94200,8398.13,5343.77,8915.09,10665.92,14968.41,11708.68
94300,8258.13,5413.77,8745.09,10645.92,15083.41,11853.68
94400,8388.13,5363.77,8605.09,10505.92,15183.41,11953.68
94500,8248.13,5433.77,8555.09,10455.92,15403.41,11903.68
94600,8138.13,5353.77,8565.09,10645.92,15383.41,11913.68
94700,8058.13,5393.77,8515.09,10535.92,15603.41,11893.68
94800,7978.13,5373.77,8525.09,10605.92,15673.41,11843.68
94900,7958.13,5293.77,8475.09,10615.92,15713.41,11943.68
95000,8055.56,5306.34,8605.09,10505.92,15513.41,12013.68
95100,8095.56,5226.34,8735.09,10335.92,15613.41,11993.68
95200,7925.56,5116.34,8745.09,10495.92,15743.41,11973.68
95300,7635.56,5246.34,8755.09,10565.92,15873.41,11923.68
95400,7825.45,5195.09,8855.09,10517.27,15853.41,11753.68
95500,7775.45,5175.09,8955.09,10647.27,15743.41,11703.68
95600,7841.94,5185.09,8905.09,10627.27,15756.93,11683.68
95700,7818.43,5165.09,9125.09,10487.27,15766.93,11637.19
95800,7886.24,5115.09,9225.09,10529.46,15746.93,11497.19
95900,8039.40,5247.66,9265.09,10179.46,15786.93,11481.46
96000,8109.40,5077.66,9365.09,10279.46,15586.93,11581.46
96100,8116.08,5057.66,9375.09,10229.46,15596.93,11624.79
96200,8190.16,5183.58,9355.09,10239.46,15366.93,11664.79
96300,8347.02,5226.71,9275.09,10159.46,15466.93,11524.79
96400,8477.02,5146.71,9345.09,10109.46,15416.93,11504.79
96500,8487.02,5066.71,9355.09,10299.46,15366.93,11424.79
96600,8407.02,5136.71,9395.09,10369.46,15316.93,11374.79
96700,8387.02,5146.71,9465.09,10259.46,15386.93,11354.79
96800,8517.02,5066.71,9445.09,10239.46,15366.93,11364.79
96900,8587.02,5046.71,9305.09,10279.46,15346.93,11434.79
97000,8567.02,4966.71,9225.09,10229.46,15686.93,11324.79
97100,8547.02,4886.71,9145.09,10269.46,15816.93,11334.79
97200,8497.02,4986.71,9065.09,10219.46,15826.93,11404.79
97300,8597.02,4981.71,9015.09,10049.46,15941.93,11414.79
97400,8637.02,4811.71,9055.09,9999.46,16161.93,11334.79
97500,8467.02,4971.71,9065.09,9889.46,16321.93,11284.79
97600,8477.02,4921.71,8985.09,9929.46,16481.93,11204.79
97700,8277.02,4931.71,9085.09,9939.46,16731.93,11034.79
97800,8107.02,5091.71,9065.09,9859.46,16831.93,11044.79
97900,8353.89,4951.71,9105.09,9992.60,16661.93,10934.79
98000,8257.46,4901.71,9085.09,10077.60,16643.36,11034.79
98100,8177.46,4881.71,9095.09,10117.60,16683.36,11044.79
98200,7977.46,5041.71,9255.09,10097.60,16753.36,10874.79
98300,8017.46,5021.71,9355.09,10167.60,16613.36,10824.79
98400,8257.30,4941.71,9395.09,10063.68,16503.36,10838.87
98500,8323.21,4831.71,9405.09,10103.68,16513.36,10822.95
98600,8389.70,4875.23,9475.09,10083.68,16463.36,10712.95
98700,8279.70,4855.23,9545.09,10213.68,16443.36,10662.95
98800,8139.70,4955.23,9615.09,10073.68,16393.36,10822.95
98900,7969.70,4995.23,9595.09,10023.68,16463.36,10952.95
99000,8193.78,5031.15,9515.09,9913.68,16383.36,10962.95
99100,8334.51,4955.42,9525.09,10058.68,16303.36,10822.95
99200,8194.51,4845.42,9595.09,10248.68,16463.36,10652.95
99300,8144.51,5035.42,9425.09,10228.68,16353.36,10812.95
99400,8154.51,5105.42,9315.09,10208.68,16333.36,10882.95
99500,8044.40,4875.42,9445.09,10188.79,16463.36,10982.95
99600,7904.40,5035.42,9485.09,10258.79,16353.36,10962.95
99700,7884.40,5135.42,9435.09,10178.79,16363.36,11002.95
99800,7924.40,5250.42,9385.09,10278.79,16238.36,10922.95
99900,7844.40,5110.42,9425.09,10198.79,16278.36,11142.95
100000,7824.40,5120.42,9435.09,10148.79,16408.36,11062.95
